City_ID,City,Lat,Lng,Max Temp,Humidity,Cloudiness,Wind Speed,Country,Description,Date
0,Vardo,70.3705,31.1107,53.8,96,100,8.7,NO,light rain,2021-08-01 21:56:48
1,Lavrentiya,65.5833,-171.0,41.14,84,100,12.68,RU,light rain,2021-08-01 22:00:17
2,Rikitea,-23.1203,-134.9692,69.31,58,53,22.48,PF,broken clouds,2021-08-01 21:58:30
3,Cabo San Lucas,22.8909,-109.9124,93.61,70,66,1.99,MX,broken clouds,2021-08-01 22:00:17
4,Mataura,-46.1927,168.8643,42.48,95,80,2.82,NZ,broken clouds,2021-08-01 21:58:34
5,Hermanus,-34.4187,19.2345,57.9,79,94,2.19,ZA,overcast clouds,2021-08-01 21:57:08
6,Buseresere,-3.0236,31.8747,66.15,44,2,3.62,TZ,clear sky,2021-08-01 22:00:18
7,Albany,42.6001,-73.9662,73.51,75,86,7.52,US,overcast clouds,2021-08-01 22:00:00
8,Adrar,20.5022,-10.0711,95.02,25,29,8.43,MR,scattered clouds,2021-08-01 22:00:19
9,Tasiilaq,65.6145,-37.6368,42.71,76,38,4.83,GL,scattered clouds,2021-08-01 21:56:43
10,Barrow,71.2906,-156.7887,45.68,79,100,20.11,US,overcast clouds,2021-08-01 22:00:20
11,Salalah,17.0151,54.0924,75.38,92,100,5.91,OM,overcast clouds,2021-08-01 21:59:06
12,Castro,-24.7911,-50.0119,48.43,85,67,2.39,BR,broken clouds,2021-08-01 21:56:29
13,Bredasdorp,-34.5322,20.0403,58.32,72,83,4.61,ZA,broken clouds,2021-08-01 21:57:37
14,Noumea,-22.2763,166.4572,69.01,99,55,8.01,NC,broken clouds,2021-08-01 22:00:21
15,Atuona,-9.8,-139.0333,77.11,69,31,11.18,PF,scattered clouds,2021-08-01 21:58:33
16,Cherskiy,68.75,161.3,36.93,82,97,18.99,RU,overcast clouds,2021-08-01 21:57:25
17,Kaitangata,-46.2817,169.8464,45.75,93,32,4.5,NZ,scattered clouds,2021-08-01 22:00:22
18,Busselton,-33.65,115.3333,53.98,60,92,9.17,AU,overcast clouds,2021-08-01 22:00:23
19,Kropotkin,45.4375,40.5756,78.21,39,61,4.85,RU,broken clouds,2021-08-01 22:00:23
20,Yellowknife,62.456,-114.3525,87.33,28,1,1.99,CA,clear sky,2021-08-01 22:00:24
21,Lafayette,30.2335,-92.0668,92.91,71,80,4.0,US,broken clouds,2021-08-01 22:00:25
22,Morogoro,-6.8167,37.6667,66.13,75,39,3.89,TZ,scattered clouds,2021-08-01 22:00:25
23,Rudbar,30.15,62.6,85.64,15,0,19.22,AF,clear sky,2021-08-01 21:59:05
24,Dongsheng,39.8161,109.9776,60.3,63,17,9.73,CN,few clouds,2021-08-01 22:00:26
25,Dodge City,37.7528,-100.0171,85.24,41,76,11.99,US,broken clouds,2021-08-01 22:00:27
26,Lompoc,34.6391,-120.4579,90.12,64,20,8.99,US,few clouds,2021-08-01 21:58:00
27,Puerto Leguizamo,-0.1934,-74.7819,71.28,84,100,0.49,CO,overcast clouds,2021-08-01 22:00:27
28,Torbay,47.6666,-52.7314,68.77,68,20,21.85,CA,few clouds,2021-08-01 21:57:20
29,Atyrau,47.1167,51.8833,73.42,31,0,8.95,KZ,clear sky,2021-08-01 22:00:28
30,Avarua,-21.2078,-159.775,75.25,94,75,12.66,CK,light rain,2021-08-01 21:57:21
31,Cap Malheureux,-19.9842,57.6142,67.46,81,17,1.01,MU,light rain,2021-08-01 22:00:28
32,Dikson,73.5069,80.5464,39.7,99,99,8.08,RU,overcast clouds,2021-08-01 21:57:19
33,Onguday,50.75,86.15,50.04,88,27,2.84,RU,scattered clouds,2021-08-01 22:00:29
34,Upernavik,72.7868,-56.1549,42.84,80,23,12.37,GL,few clouds,2021-08-01 21:55:54
35,Chokurdakh,70.6333,147.9167,40.77,66,30,8.1,RU,scattered clouds,2021-08-01 22:00:30
36,Butaritari,3.0707,172.7902,83.17,69,10,10.38,KI,clear sky,2021-08-01 21:57:14
37,Faanui,-16.4833,-151.75,77.76,68,36,14.63,PF,scattered clouds,2021-08-01 22:00:17
38,Prince Rupert,54.3161,-130.3201,65.14,79,87,5.66,CA,overcast clouds,2021-08-01 22:00:31
39,Saskylakh,71.9167,114.0833,72.07,46,0,3.38,RU,clear sky,2021-08-01 21:57:25
40,Jumla,29.2747,82.1838,63.88,93,99,0.22,NP,overcast clouds,2021-08-01 22:00:32
41,Ekibastuz,51.6667,75.3667,72.77,48,14,6.44,KZ,few clouds,2021-08-01 22:00:33
42,Ushuaia,-54.8,-68.3,46.06,46,20,18.41,AR,few clouds,2021-08-01 21:55:20
43,Norman Wells,65.282,-126.8329,91.6,20,0,2.64,CA,clear sky,2021-08-01 22:00:34
44,Saint-Philippe,-21.3585,55.7679,67.55,77,49,9.08,RE,scattered clouds,2021-08-01 22:00:34
45,Jamestown,42.097,-79.2353,70.02,65,46,5.99,US,scattered clouds,2021-08-01 21:58:33
46,Midland,31.9974,-102.0779,82.45,60,40,11.5,US,scattered clouds,2021-08-01 22:00:08
47,Olafsvik,64.8945,-23.7142,53.85,92,100,1.7,IS,overcast clouds,2021-08-01 22:00:35
48,Egvekinot,66.3167,-179.1667,42.87,62,53,1.57,RU,broken clouds,2021-08-01 22:00:36
49,Poninka,50.1849,27.5363,67.71,77,35,7.23,UA,scattered clouds,2021-08-01 22:00:36
50,Arraial Do Cabo,-22.9661,-42.0278,71.56,77,0,8.05,BR,clear sky,2021-08-01 21:56:38
51,Vila Franca Do Campo,37.7167,-25.4333,72.01,96,87,8.81,PT,overcast clouds,2021-08-01 22:00:37
52,Faya,18.3851,42.4509,66.27,67,97,2.91,SA,overcast clouds,2021-08-01 22:00:37
53,San Juan,-31.5375,-68.5364,61.86,22,0,8.1,AR,clear sky,2021-08-01 22:00:26
54,Ambon,-3.6954,128.1814,75.34,94,40,8.05,ID,scattered clouds,2021-08-01 21:58:06
55,Georgetown,5.4112,100.3354,75.88,92,20,2.3,MY,few clouds,2021-08-01 21:59:57
56,Seoul,37.5683,126.9778,78.19,94,90,2.3,KR,light rain,2021-08-01 21:57:52
57,Zeya,53.75,127.2667,54.63,99,100,2.26,RU,overcast clouds,2021-08-01 22:00:38
58,Leona Vicario,20.9667,-87.1917,89.82,49,48,8.43,MX,scattered clouds,2021-08-01 22:00:39
59,Punta Arenas,-53.15,-70.9167,44.11,65,82,22.26,CL,broken clouds,2021-08-01 22:00:39
60,Bethel,41.3712,-73.414,74.48,83,60,8.39,US,broken clouds,2021-08-01 21:59:38
61,Sao Francisco De Assis,-29.5503,-55.1311,54.91,76,0,4.74,BR,clear sky,2021-08-01 22:00:40
62,Vaini,-21.2,-175.2,73.56,78,20,20.71,TO,few clouds,2021-08-01 21:57:13
63,Thompson,55.7435,-97.8558,84.36,32,20,12.66,CA,few clouds,2021-08-01 21:58:35
64,Ancud,-41.8697,-73.8203,46.36,80,59,3.62,CL,broken clouds,2021-08-01 22:00:41
65,Mayumba,-3.432,10.6554,74.03,84,99,7.58,GA,overcast clouds,2021-08-01 22:00:41
66,Nizhniy Kuranakh,58.8353,125.4869,56.19,98,100,6.71,RU,heavy intensity rain,2021-08-01 22:00:42
67,Glomfjord,66.8167,13.9667,45.45,86,94,2.77,NO,overcast clouds,2021-08-01 22:00:42
68,Lebu,-37.6167,-73.65,50.88,75,37,19.08,CL,scattered clouds,2021-08-01 21:57:56
69,Omboue,-1.5746,9.2618,75.22,81,99,9.55,GA,overcast clouds,2021-08-01 22:00:43
70,Kargil,34.5667,76.1,56.39,58,1,6.46,IN,clear sky,2021-08-01 22:00:44
71,Khatanga,71.9667,102.5,62.56,72,46,9.64,RU,scattered clouds,2021-08-01 21:55:33
72,Kapaa,22.0752,-159.319,84.18,80,73,4.0,US,broken clouds,2021-08-01 22:00:44
73,Touros,-5.1989,-35.4608,79.7,74,5,19.42,BR,clear sky,2021-08-01 21:58:50
74,Serra Talhada,-7.9919,-38.2983,70.23,72,66,15.01,BR,broken clouds,2021-08-01 22:00:44
75,Charters Towers,-20.1,146.2667,63.93,87,12,5.91,AU,few clouds,2021-08-01 22:00:17
76,Puerto Ayora,-0.7393,-90.3518,72.55,88,51,10.0,EC,broken clouds,2021-08-01 22:00:45
77,Sola,-13.8833,167.55,75.34,62,99,10.09,VU,overcast clouds,2021-08-01 22:00:45
78,Nelson Bay,-32.7167,152.15,57.99,62,91,8.9,AU,overcast clouds,2021-08-01 22:00:46
79,Hobart,-42.8794,147.3294,40.12,86,0,1.99,AU,clear sky,2021-08-01 22:00:07
80,Marystown,47.1666,-55.1483,61.81,80,64,13.38,CA,broken clouds,2021-08-01 22:00:46
81,Dingle,10.9995,122.6711,77.95,87,100,8.9,PH,overcast clouds,2021-08-01 22:00:47
82,Hofn,64.2539,-15.2082,53.71,94,99,4.76,IS,overcast clouds,2021-08-01 22:00:47
83,Nemuro,43.3236,145.575,65.82,99,100,8.52,JP,overcast clouds,2021-08-01 22:00:48
84,Port Alfred,-33.5906,26.891,60.84,83,36,25.93,ZA,scattered clouds,2021-08-01 21:56:49
85,Saldanha,-33.0117,17.9442,48.25,88,71,8.93,ZA,broken clouds,2021-08-01 21:58:09
86,Chippewa Falls,44.9369,-91.3929,73.81,53,24,8.01,US,few clouds,2021-08-01 21:58:03
87,Pevek,69.7008,170.3133,33.46,97,100,14.38,RU,overcast clouds,2021-08-01 22:00:48
88,Nanuque,-17.8392,-40.3539,64.49,69,99,11.59,BR,overcast clouds,2021-08-01 22:00:49
89,Amalapuram,16.5833,82.0167,83.12,62,100,4.36,IN,overcast clouds,2021-08-01 22:00:50
90,Lorengau,-2.0226,147.2712,84.27,73,35,11.03,PG,scattered clouds,2021-08-01 22:00:50
91,Bambous Virieux,-20.3428,57.7575,67.21,67,53,15.57,MU,broken clouds,2021-08-01 22:00:50
92,Usinsk,65.9939,57.5281,47.14,95,87,11.14,RU,overcast clouds,2021-08-01 21:58:52
93,Tuktoyaktuk,69.4541,-133.0374,55.11,77,100,13.33,CA,overcast clouds,2021-08-01 22:00:51
94,Severo-Kurilsk,50.6789,156.125,55.53,73,0,14.61,RU,clear sky,2021-08-01 22:00:52
95,Sistranda,63.7256,8.834,50.9,69,100,11.34,NO,overcast clouds,2021-08-01 22:00:52
96,Cidreira,-30.1811,-50.2056,57.18,91,88,7.0,BR,overcast clouds,2021-08-01 21:57:57
97,Mabaruma,8.2,-59.7833,76.75,94,15,3.42,GY,few clouds,2021-08-01 22:00:53
98,Klaksvik,62.2266,-6.589,47.32,82,57,7.47,FO,broken clouds,2021-08-01 22:00:53
99,Rovaniemi,66.5,25.7167,54.81,94,75,4.61,FI,broken clouds,2021-08-01 22:00:54
100,Ribeira Grande,38.5167,-28.7,73.29,94,59,14.67,PT,broken clouds,2021-08-01 22:00:54
101,Merauke,-8.4667,140.3333,74.07,82,8,12.64,ID,clear sky,2021-08-01 22:00:54
102,Brae,60.3964,-1.353,49.91,79,100,12.73,GB,overcast clouds,2021-08-01 22:00:55
103,San Jeronimo,-11.9472,-75.2829,55.06,53,92,6.29,PE,overcast clouds,2021-08-01 22:00:55
104,Ambilobe,-13.2,49.05,67.8,81,5,3.44,MG,clear sky,2021-08-01 21:59:32
105,Grand Gaube,-20.0064,57.6608,67.37,81,23,1.01,MU,light rain,2021-08-01 22:00:56
106,Tura,25.5198,90.2201,73.54,98,91,3.27,IN,light rain,2021-08-01 22:00:57
107,Pangnirtung,66.1451,-65.7125,53.29,70,100,2.89,CA,overcast clouds,2021-08-01 21:56:35
108,Bloomington,44.8408,-93.2983,80.73,39,4,14.0,US,clear sky,2021-08-01 21:58:51
109,Portland,45.5234,-122.6762,95.43,40,20,1.01,US,few clouds,2021-08-01 22:00:10
110,Majene,-3.5403,118.9707,76.96,87,74,7.96,ID,broken clouds,2021-08-01 21:59:54
111,Bahia Blanca,-38.7196,-62.2724,51.39,41,0,7.99,AR,clear sky,2021-08-01 21:56:45
112,Matara,5.9485,80.5353,77.86,87,100,9.33,LK,overcast clouds,2021-08-01 22:00:57
113,Bathsheba,13.2167,-59.5167,81.82,73,3,11.32,BB,clear sky,2021-08-01 22:00:58
114,Cairns,-16.9167,145.7667,69.06,88,60,4.61,AU,broken clouds,2021-08-01 21:56:49
115,Yarmouth,41.7057,-70.2286,74.44,69,100,1.99,US,overcast clouds,2021-08-01 22:00:23
116,Lerwick,60.1545,-1.1494,50.0,80,100,12.86,GB,overcast clouds,2021-08-01 22:00:58
117,Bilibino,68.0546,166.4372,43.47,53,73,6.82,RU,broken clouds,2021-08-01 22:00:59
118,Nuuk,64.1835,-51.7216,61.41,55,75,4.61,GL,broken clouds,2021-08-01 22:00:42
119,Kuytun,54.3419,101.5036,54.93,96,100,11.01,RU,light rain,2021-08-01 22:01:00
120,Souillac,-20.5167,57.5167,68.38,94,75,11.5,MU,broken clouds,2021-08-01 21:58:15
121,Isangel,-19.55,169.2667,68.11,88,75,0.0,VU,broken clouds,2021-08-01 21:57:32
122,Bluff,-46.6,168.3333,42.8,84,97,7.09,NZ,overcast clouds,2021-08-01 21:57:39
123,Kouroussa,10.65,-9.8833,71.49,95,96,4.25,GN,overcast clouds,2021-08-01 22:01:01
124,San Patricio,28.017,-97.5169,97.52,48,99,16.55,US,overcast clouds,2021-08-01 21:59:08
125,Mena,51.5217,32.2157,67.57,84,13,6.26,UA,few clouds,2021-08-01 22:01:01
126,Kruisfontein,-34.0033,24.7314,56.88,77,86,17.05,ZA,overcast clouds,2021-08-01 22:01:02
127,Sitka,57.0531,-135.33,64.29,72,75,5.75,US,broken clouds,2021-08-01 21:58:47
128,Manadhoo,5.7667,73.3833,82.87,75,100,13.58,MV,overcast clouds,2021-08-01 22:01:03
129,Barda,40.3744,47.1267,77.45,50,95,5.39,AZ,overcast clouds,2021-08-01 22:01:03
130,Ponta Do Sol,32.6667,-17.1,72.23,72,1,7.31,PT,clear sky,2021-08-01 22:01:04
131,Cockburn Town,21.4612,-71.1419,82.13,79,99,19.77,TC,overcast clouds,2021-08-01 22:01:04
132,Drumnadrochit,57.3344,-4.4799,55.09,92,53,1.97,GB,broken clouds,2021-08-01 22:01:04
133,Kisangani,0.5167,25.2,73.47,85,100,2.46,CD,overcast clouds,2021-08-01 21:57:25
134,Airai,-8.9266,125.4092,56.1,85,23,2.82,TL,few clouds,2021-08-01 21:56:55
135,Narsaq,60.9167,-46.05,51.75,70,100,3.71,GL,light rain,2021-08-01 21:59:16
136,Puerto Colombia,10.9878,-74.9547,87.89,81,15,18.05,CO,few clouds,2021-08-01 21:58:54
137,Nokaneng,-19.6667,22.2667,56.01,44,0,6.96,BW,clear sky,2021-08-01 22:01:05
138,Luancheng,37.8792,114.6517,72.01,86,54,4.83,CN,broken clouds,2021-08-01 22:01:06
139,Tuatapere,-46.1333,167.6833,42.82,89,100,4.21,NZ,moderate rain,2021-08-01 21:57:31
140,Clyde River,70.4692,-68.5914,39.61,88,100,7.0,CA,overcast clouds,2021-08-01 22:01:06
141,Qaanaaq,77.484,-69.3632,42.93,82,89,1.1,GL,overcast clouds,2021-08-01 21:58:22
142,Stroud,51.75,-2.2,60.91,79,41,6.02,GB,scattered clouds,2021-08-01 22:00:04
143,Ulladulla,-35.35,150.4667,44.87,88,1,4.18,AU,clear sky,2021-08-01 21:57:37
144,Kavieng,-2.5744,150.7967,82.71,75,3,9.24,PG,clear sky,2021-08-01 21:57:53
145,Sandpoint,48.2766,-116.5533,87.62,48,1,5.75,US,clear sky,2021-08-01 21:57:15
146,Soanierana Ivongo,-16.9167,49.5833,66.2,91,55,3.33,MG,light rain,2021-08-01 22:01:07
147,Kamina,-8.7386,24.9906,63.52,40,73,4.0,CD,broken clouds,2021-08-01 21:59:17
148,College,64.8569,-147.8028,74.28,54,75,3.44,US,broken clouds,2021-08-01 21:56:07
149,Carnarvon,-24.8667,113.6333,50.07,66,0,11.5,AU,clear sky,2021-08-01 21:57:30
150,Katsuura,35.1333,140.3,85.1,78,3,5.26,JP,clear sky,2021-08-01 22:01:08
151,Nikolskoye,59.7035,30.7861,63.01,91,26,4.9,RU,scattered clouds,2021-08-01 21:57:22
152,Bowen,-20.0167,148.2333,67.96,78,10,5.93,AU,clear sky,2021-08-01 22:01:08
153,Haverhill,42.7762,-71.0773,77.09,64,79,3.0,US,broken clouds,2021-08-01 22:01:08
154,Hambantota,6.1241,81.1185,77.34,100,0,6.91,LK,clear sky,2021-08-01 22:01:09
155,Laguna,38.421,-121.4238,107.2,30,1,5.01,US,clear sky,2021-08-01 22:01:09
156,Turka,49.1541,23.0297,63.14,75,66,6.71,UA,broken clouds,2021-08-01 22:01:10
157,Kavaratti,10.5669,72.642,82.08,77,77,15.86,IN,broken clouds,2021-08-01 21:56:46
158,Tateyama,34.9833,139.8667,85.01,75,2,4.74,JP,clear sky,2021-08-01 22:01:10
159,Cayenne,4.9333,-52.3333,84.24,79,0,3.0,GF,clear sky,2021-08-01 22:00:09
160,Coahuayana,18.7333,-103.6833,90.5,61,8,6.15,MX,clear sky,2021-08-01 22:01:11
161,Hithadhoo,-0.6,73.0833,81.07,72,91,6.98,MV,overcast clouds,2021-08-01 21:56:01
162,Dosso,13.049,3.1937,83.75,62,90,13.85,NE,overcast clouds,2021-08-01 22:01:11
163,Miguel Hidalgo,19.4225,-99.2028,74.43,67,90,12.66,MX,thunderstorm with rain,2021-08-01 22:01:11
164,Longyearbyen,78.2186,15.6401,44.44,76,75,13.8,SJ,light rain,2021-08-01 21:58:14
165,Codrington,-38.2667,141.9667,43.18,84,0,16.02,AU,clear sky,2021-08-01 22:01:12
166,Solnechnyy,50.7214,136.6319,58.68,82,98,4.03,RU,overcast clouds,2021-08-01 22:01:12
167,Opuwo,-18.0607,13.84,61.59,29,0,6.62,NA,clear sky,2021-08-01 22:01:13
168,Mar Del Plata,-38.0023,-57.5575,46.09,31,90,3.0,AR,mist,2021-08-01 22:01:13
169,Zaozerne,45.1582,33.2787,73.94,68,0,3.09,UA,clear sky,2021-08-01 21:58:27
170,Fairbanks,64.8378,-147.7164,74.3,52,75,3.44,US,broken clouds,2021-08-01 21:56:38
171,Dubovyy Umet,52.9763,50.2857,73.29,50,72,3.71,RU,broken clouds,2021-08-01 22:01:14
172,East London,-33.0153,27.9116,62.8,60,29,19.93,ZA,scattered clouds,2021-08-01 21:57:28
173,Ha Noi,21.0245,105.8412,80.6,94,89,4.59,VN,overcast clouds,2021-08-01 21:59:10
174,Hilo,19.7297,-155.09,80.8,79,75,1.99,US,light rain,2021-08-01 22:00:11
175,Antalaha,-14.9003,50.2788,66.25,89,90,6.33,MG,overcast clouds,2021-08-01 22:01:14
176,Blovice,49.5822,13.5401,60.89,84,100,11.1,CZ,overcast clouds,2021-08-01 22:01:15
177,Nurota,40.5614,65.6886,75.87,15,0,7.2,UZ,clear sky,2021-08-01 22:01:15
178,Cape Town,-33.9258,18.4232,58.12,80,64,4.0,ZA,broken clouds,2021-08-01 22:01:16
179,Marigot,18.0667,-63.0833,83.75,74,4,14.85,MF,clear sky,2021-08-01 22:01:16
180,Luderitz,-26.6481,15.1594,65.52,37,0,5.95,NA,clear sky,2021-08-01 21:57:01
181,Rundu,-17.9333,19.7667,57.07,41,0,6.8,NA,clear sky,2021-08-01 22:01:16
182,Linxia,35.6003,103.2064,63.37,56,13,4.27,CN,few clouds,2021-08-01 22:01:17
183,Whyalla,-33.0333,137.5833,39.09,93,0,5.75,AU,clear sky,2021-08-01 21:59:34
184,Mongu,-15.2484,23.1274,60.35,45,3,8.72,ZM,clear sky,2021-08-01 22:01:17
185,Archidona,37.0965,-4.3887,71.42,25,46,2.17,ES,scattered clouds,2021-08-01 22:01:18
186,Beremend,45.7911,18.4326,70.45,80,45,8.39,HU,scattered clouds,2021-08-01 22:01:18
187,Guozhen,34.3659,107.359,77.49,49,8,2.33,CN,clear sky,2021-08-01 22:01:18
188,Komsomolskiy,40.4272,71.7189,78.22,27,100,2.73,UZ,overcast clouds,2021-08-01 22:01:19
189,Beringovskiy,63.05,179.3167,46.47,74,40,16.71,RU,scattered clouds,2021-08-01 22:01:19
190,Aksarka,66.5606,67.7975,56.5,98,100,6.24,RU,overcast clouds,2021-08-01 22:01:19
191,Malakal,9.5334,31.6605,70.93,96,100,0.87,SS,overcast clouds,2021-08-01 22:01:20
192,Meulaboh,4.1363,96.1285,74.75,89,100,5.32,ID,overcast clouds,2021-08-01 22:01:20
193,Tarakan,3.3,117.6333,76.87,89,100,8.75,ID,light rain,2021-08-01 22:01:20
194,Westerland,54.9079,8.3033,59.02,77,90,12.66,DE,overcast clouds,2021-08-01 22:01:21
195,Nome,64.5011,-165.4064,53.17,87,90,13.8,US,light rain,2021-08-01 22:01:21
196,Santa Rosalia,27.3167,-112.2833,90.0,53,1,8.68,MX,clear sky,2021-08-01 22:01:22
197,Jega,12.2175,4.3792,76.98,84,96,15.79,NG,moderate rain,2021-08-01 22:01:22
198,Grants Pass,42.439,-123.3284,104.45,21,1,1.01,US,clear sky,2021-08-01 22:01:22
199,Barra Patuca,15.8,-84.2833,83.3,75,89,9.66,HN,overcast clouds,2021-08-01 22:01:23
200,Necochea,-38.5473,-58.7368,44.04,75,3,6.55,AR,clear sky,2021-08-01 21:59:37
201,New Norfolk,-42.7826,147.0587,39.76,83,20,2.46,AU,few clouds,2021-08-01 22:01:23
202,Mahebourg,-20.4081,57.7,68.29,94,75,11.5,MU,broken clouds,2021-08-01 21:56:30
203,Fukue,32.6881,128.8419,80.96,83,97,11.14,JP,overcast clouds,2021-08-01 22:01:24
204,Marienburg,54.0359,19.0266,63.88,89,100,5.41,PL,overcast clouds,2021-08-01 22:01:24
205,Ponta Delgada,37.7333,-25.6667,72.32,100,75,10.36,PT,broken clouds,2021-08-01 22:01:24
206,Mayor Pablo Lagerenza,-19.9309,-60.7718,67.3,24,99,5.82,PY,overcast clouds,2021-08-01 22:01:25
207,Berlevag,70.8578,29.0864,46.63,96,100,18.03,NO,light rain,2021-08-01 21:59:57
208,Kirakira,-10.4544,161.9205,78.39,75,88,8.48,SB,overcast clouds,2021-08-01 22:01:25
209,Hanyang,32.1371,105.5126,72.37,91,0,2.04,CN,clear sky,2021-08-01 22:01:26
210,Worland,44.0169,-107.9554,94.55,30,100,1.99,US,overcast clouds,2021-08-01 22:01:26
211,Ahuimanu,21.4447,-157.8378,83.86,57,17,21.52,US,few clouds,2021-08-01 22:01:26
212,Najran,17.4924,44.1277,85.19,38,100,7.31,SA,overcast clouds,2021-08-01 22:01:27
213,Alofi,-19.0595,-169.9187,76.33,71,60,27.11,NU,broken clouds,2021-08-01 22:00:23
214,Muros,42.7762,-9.0603,64.9,92,100,6.49,ES,overcast clouds,2021-08-01 21:57:22
215,Hami,42.8,93.45,68.02,46,66,5.53,CN,broken clouds,2021-08-01 22:01:27
216,Hasaki,35.7333,140.8333,79.29,84,13,6.29,JP,few clouds,2021-08-01 22:01:28
217,Acapulco,16.8634,-99.8901,87.53,67,95,8.84,MX,overcast clouds,2021-08-01 21:58:49
218,Aklavik,68.2191,-135.0107,83.23,36,98,18.03,CA,overcast clouds,2021-08-01 21:57:36
219,Constitucion,-35.3333,-72.4167,55.38,66,0,10.78,CL,clear sky,2021-08-01 21:57:42
220,Poso,-1.3959,120.7524,75.97,85,46,3.06,ID,scattered clouds,2021-08-01 22:01:29
221,Gravdal,68.1214,13.5031,47.97,75,91,11.39,NO,overcast clouds,2021-08-01 21:59:37
222,Iqaluit,63.7506,-68.5145,52.7,76,100,3.0,CA,overcast clouds,2021-08-01 22:01:29
223,Port Hardy,50.6996,-127.4199,64.58,77,20,13.8,CA,fog,2021-08-01 21:58:37
224,Ostrovnoy,68.0531,39.5131,48.79,90,17,8.3,RU,few clouds,2021-08-01 22:01:30
225,Sika,13.3546,-16.345,78.94,88,52,8.75,GM,broken clouds,2021-08-01 22:01:30
226,Guerrero Negro,27.9769,-114.0611,83.82,54,3,13.38,MX,clear sky,2021-08-01 22:01:24
227,Port Elizabeth,-33.918,25.5701,61.09,72,90,27.63,ZA,overcast clouds,2021-08-01 22:01:31
228,Vilhena,-12.7406,-60.1458,75.13,31,0,2.13,BR,clear sky,2021-08-01 22:01:31
229,Shahr-E Babak,30.1165,55.1186,78.13,32,41,10.31,IR,scattered clouds,2021-08-01 22:01:31
230,Santa Rosa,14.3122,121.1114,83.1,83,100,14.7,PH,overcast clouds,2021-08-01 22:00:50
231,Emerald,-23.5333,148.1667,68.99,53,0,5.68,AU,clear sky,2021-08-01 22:01:32
232,Annau,37.8876,58.516,85.6,12,7,7.61,TM,clear sky,2021-08-01 22:01:32
233,Westport,41.1415,-73.3579,76.08,61,59,1.01,US,broken clouds,2021-08-01 22:01:33
234,Turinskaya Sloboda,57.6232,64.3858,58.01,96,1,7.18,RU,clear sky,2021-08-01 22:01:33
235,Hualmay,-11.0964,-77.6139,66.33,76,11,9.4,PE,few clouds,2021-08-01 22:01:34
236,Zambezi,-13.5432,23.1047,57.7,49,2,5.77,ZM,clear sky,2021-08-01 22:01:34
237,Fort Nelson,58.8053,-122.7002,87.39,42,1,4.61,CA,smoke,2021-08-01 21:59:23
238,Lethem,3.3803,-59.7968,76.57,87,95,5.35,GY,overcast clouds,2021-08-01 21:57:19
239,Fallon,39.4735,-118.7774,90.43,29,11,8.25,US,few clouds,2021-08-01 22:01:35
240,Oranjemund,-28.55,16.4333,56.89,75,2,7.76,NA,clear sky,2021-08-01 21:59:36
241,Katy,29.7858,-95.8244,96.24,62,97,3.0,US,overcast clouds,2021-08-01 22:00:17
242,Nanortalik,60.1432,-45.2371,48.63,80,100,11.41,GL,light rain,2021-08-01 22:01:35
243,Golden Gate,26.1879,-81.6951,91.98,73,58,9.57,US,broken clouds,2021-08-01 22:01:36
244,Husavik,66.0449,-17.3389,55.31,73,59,2.15,IS,broken clouds,2021-08-01 21:56:40
245,Kahului,20.8947,-156.47,84.97,77,15,14.38,US,few clouds,2021-08-01 21:56:47
246,Cozumel,20.5083,-86.9458,89.94,72,12,4.0,MX,few clouds,2021-08-01 22:00:07
247,Jacareacanga,-6.2222,-57.7528,88.65,30,33,2.53,BR,scattered clouds,2021-08-01 22:01:36
248,Victoria,22.2855,114.1577,85.32,89,93,3.0,HK,overcast clouds,2021-08-01 21:57:05
249,Praia,14.9215,-23.5087,77.54,73,40,4.61,CV,scattered clouds,2021-08-01 22:01:37
250,Prabumulih,-3.45,104.25,72.23,97,82,2.95,ID,broken clouds,2021-08-01 22:01:37
251,Natal,-5.795,-35.2094,79.45,69,40,10.36,BR,scattered clouds,2021-08-01 22:01:38
252,Bhadrak,21.0633,86.5054,81.39,78,98,7.45,IN,overcast clouds,2021-08-01 22:01:38
253,Caravelas,-17.7125,-39.2481,68.99,65,95,8.9,BR,overcast clouds,2021-08-01 22:01:38
254,Sapele,5.8941,5.6767,75.9,86,95,3.62,NG,overcast clouds,2021-08-01 22:01:39
255,Rudnaya Pristan,44.3614,135.8116,69.8,86,100,8.84,RU,overcast clouds,2021-08-01 22:01:39
256,Kupang,-10.1667,123.5833,75.78,88,20,9.22,ID,few clouds,2021-08-01 22:01:08
257,Gao,16.6362,1.637,92.19,41,57,9.6,ML,broken clouds,2021-08-01 22:01:40
258,Saint George,37.1041,-113.5841,97.95,28,1,1.99,US,clear sky,2021-08-01 21:54:40
259,Naze,28.3667,129.4833,79.72,86,89,12.93,JP,overcast clouds,2021-08-01 22:01:40
260,Sarkand,45.41,79.9186,65.8,23,0,7.36,KZ,clear sky,2021-08-01 22:01:40
261,Voi,-3.3945,38.563,66.11,82,53,9.89,KE,broken clouds,2021-08-01 22:01:41
262,Tilichiki,60.4667,166.1,52.84,65,100,7.67,RU,overcast clouds,2021-08-01 22:01:41
263,Fare,-16.7,-151.0167,77.05,68,48,12.93,PF,scattered clouds,2021-08-01 22:01:41
264,Girvan,55.2426,-4.8555,55.4,86,4,4.76,GB,clear sky,2021-08-01 22:01:42
265,Grindavik,63.8424,-22.4338,53.56,93,90,5.75,IS,overcast clouds,2021-08-01 22:01:42
266,Kyra,49.5776,111.9753,53.2,87,27,1.66,RU,scattered clouds,2021-08-01 22:01:43
267,Vila Velha,-20.3297,-40.2925,71.96,64,10,7.18,BR,clear sky,2021-08-01 22:01:43
268,Xiaoweizhai,26.1903,107.5125,70.54,91,11,2.82,CN,few clouds,2021-08-01 22:01:43
269,Hamilton,39.1834,-84.5333,81.75,66,27,4.0,US,scattered clouds,2021-08-01 22:01:44
270,Nantucket,41.2835,-70.0995,73.62,76,100,10.31,US,overcast clouds,2021-08-01 22:01:44
271,Villa Maria,-32.4075,-63.2402,50.83,54,0,6.33,AR,clear sky,2021-08-01 22:00:24
272,Taltal,-25.4,-70.4833,61.47,71,22,2.53,CL,few clouds,2021-08-01 22:01:13
273,Celestun,20.8667,-90.4,83.46,77,69,14.34,MX,broken clouds,2021-08-01 22:01:44
274,Geraldton,-28.7667,114.6,45.01,93,40,10.36,AU,scattered clouds,2021-08-01 21:58:32
275,Tiksi,71.6872,128.8694,47.37,71,20,4.52,RU,few clouds,2021-08-01 22:01:27
276,Lugoba,-6.45,38.3333,66.0,86,15,2.48,TZ,few clouds,2021-08-01 22:01:45
277,Namibe,-15.1961,12.1522,69.28,82,65,1.63,AO,broken clouds,2021-08-01 21:56:53
278,Kargasok,59.0556,80.8572,49.96,88,48,4.92,RU,scattered clouds,2021-08-01 22:01:46
279,Tortoli,39.9256,9.6572,74.98,67,76,3.58,IT,broken clouds,2021-08-01 22:01:46
280,Joensuu,62.6012,29.7632,62.28,81,0,5.75,FI,clear sky,2021-08-01 22:01:47
281,Brigg,53.552,-0.4921,59.77,87,52,0.0,GB,broken clouds,2021-08-01 22:01:47
282,Paranapanema,-23.3886,-48.7228,55.87,80,91,7.45,BR,overcast clouds,2021-08-01 22:01:47
283,Pacific Grove,36.6177,-121.9166,84.81,75,32,7.0,US,scattered clouds,2021-08-01 21:57:15
284,Tromso,69.6496,18.957,47.37,76,75,4.0,NO,broken clouds,2021-08-01 22:01:48
285,Balkanabat,39.5108,54.3671,88.09,13,52,4.68,TM,broken clouds,2021-08-01 21:59:20
286,Marawi,7.9986,124.2928,69.66,93,100,4.52,PH,overcast clouds,2021-08-01 22:01:48
287,Gilbues,-9.8317,-45.3439,77.05,36,55,5.82,BR,broken clouds,2021-08-01 22:01:48
288,Yulara,-25.2406,130.9889,48.04,53,0,8.05,AU,clear sky,2021-08-01 21:59:55
289,Yazd,31.8972,54.3675,83.57,15,24,3.2,IR,few clouds,2021-08-01 22:01:49
290,Lixourion,38.2019,20.4314,83.03,47,0,2.35,GR,clear sky,2021-08-01 22:01:50
291,Talnakh,69.4865,88.3972,55.44,89,100,4.59,RU,overcast clouds,2021-08-01 22:01:50
292,Tra Vinh,9.9347,106.3453,78.15,88,54,9.35,VN,broken clouds,2021-08-01 22:01:50
293,Leshukonskoye,64.8989,45.7622,52.48,96,15,2.51,RU,few clouds,2021-08-01 22:01:51
294,Sao Joao Da Barra,-21.6403,-41.0511,64.49,66,92,8.23,BR,overcast clouds,2021-08-01 21:58:34
295,Aloleng,16.1307,119.7824,82.13,84,100,20.76,PH,light rain,2021-08-01 22:01:51
296,Bengkulu,-3.8004,102.2655,73.87,89,97,4.21,ID,overcast clouds,2021-08-01 22:01:52
297,Eyl,7.9803,49.8164,82.26,63,49,29.8,SO,scattered clouds,2021-08-01 21:58:02
298,Konosha,60.9736,40.257,56.7,98,77,7.2,RU,broken clouds,2021-08-01 22:01:52
299,Yerbogachen,61.2767,108.0108,59.52,65,100,5.19,RU,overcast clouds,2021-08-01 22:00:53
300,San Quintin,30.4833,-115.95,78.31,58,3,15.68,MX,clear sky,2021-08-01 22:01:53
301,Taoudenni,22.6783,-3.9836,100.22,24,97,16.96,ML,overcast clouds,2021-08-01 22:01:53
302,Nabire,-3.3667,135.4833,75.56,92,87,3.22,ID,overcast clouds,2021-08-01 21:58:40
303,Lashma,54.9321,41.1438,66.45,65,34,4.05,RU,scattered clouds,2021-08-01 22:01:53
304,Chimoio,-19.1164,33.4833,55.96,72,0,2.04,MZ,clear sky,2021-08-01 22:01:54
305,Makakilo City,21.3469,-158.0858,82.69,53,3,22.73,US,clear sky,2021-08-01 21:59:06
306,Ahipara,-35.1667,173.1667,57.09,77,66,10.8,NZ,broken clouds,2021-08-01 22:01:54
307,Yarensk,62.1675,49.0916,55.13,94,69,4.63,RU,broken clouds,2021-08-01 22:01:55
308,Beisfjord,68.3751,17.5988,48.25,92,96,3.38,NO,overcast clouds,2021-08-01 22:01:55
309,Kyenjojo,0.6328,30.6214,60.42,68,100,2.15,UG,overcast clouds,2021-08-01 22:01:55
310,Vung Tau,10.346,107.0843,80.29,84,98,16.08,VN,overcast clouds,2021-08-01 22:01:56
311,Outlook,51.5001,-107.0513,93.31,15,86,4.21,CA,overcast clouds,2021-08-01 22:01:56
312,Moree,-29.4667,149.85,57.29,75,5,2.98,AU,clear sky,2021-08-01 22:01:56
313,Huntsville,34.7304,-86.5861,86.13,73,20,4.0,US,few clouds,2021-08-01 22:01:57
314,Rocha,-34.4833,-54.3333,46.08,93,2,4.25,UY,clear sky,2021-08-01 22:00:54
315,Vestmannaeyjar,63.4427,-20.2734,54.12,91,94,8.34,IS,overcast clouds,2021-08-01 22:01:57
316,Vidim,56.4088,103.1106,57.2,92,98,3.96,RU,overcast clouds,2021-08-01 22:01:58
317,Swan Hill,-35.3378,143.5544,42.6,76,0,7.9,AU,clear sky,2021-08-01 22:01:58
318,Saint-Francois,46.4154,3.9054,60.24,81,0,2.3,FR,clear sky,2021-08-01 22:01:59
319,Shalakusha,62.2247,40.2539,56.26,99,100,4.43,RU,overcast clouds,2021-08-01 22:01:59
320,Uberaba,-19.7483,-47.9319,68.22,46,4,4.81,BR,clear sky,2021-08-01 22:01:59
321,Lensk,60.7253,114.9278,62.24,60,100,4.83,RU,overcast clouds,2021-08-01 22:02:00
322,Mahuva,21.0914,71.7622,80.76,83,100,15.5,IN,overcast clouds,2021-08-01 22:02:00
323,Gazanjyk,39.2446,55.5154,84.18,13,56,5.26,TM,broken clouds,2021-08-01 22:02:00
324,Kemijarvi,66.7131,27.4306,54.23,97,100,3.09,FI,light rain,2021-08-01 22:02:01
325,Ingham,42.6,-84.3833,71.31,84,90,3.44,US,overcast clouds,2021-08-01 21:57:34
326,Berbera,10.4396,45.0143,91.35,37,31,23.29,SO,scattered clouds,2021-08-01 22:02:01
327,Beckley,37.7782,-81.1882,78.69,57,29,1.99,US,scattered clouds,2021-08-01 22:02:02
328,Sechura,-5.5569,-80.8222,73.29,60,6,19.53,PE,clear sky,2021-08-01 22:02:02
329,Inhambane,-23.865,35.3833,64.02,77,0,6.11,MZ,clear sky,2021-08-01 21:57:51
330,Iztapa,13.9333,-90.7075,87.03,68,57,7.09,GT,light rain,2021-08-01 22:02:02
331,Hobyo,5.3505,48.5268,77.4,80,6,22.7,SO,clear sky,2021-08-01 22:02:03
332,Olinda,-8.0089,-34.8553,75.2,78,1,17.67,BR,clear sky,2021-08-01 22:02:03
333,Mangan,27.5167,88.5333,76.89,93,100,0.72,IN,overcast clouds,2021-08-01 21:59:35
334,Yishui,35.7847,118.6281,72.21,91,39,5.35,CN,light rain,2021-08-01 22:02:04
335,Casablanca,33.5928,-7.6192,69.33,68,3,18.01,MA,clear sky,2021-08-01 22:02:04
336,Itarema,-2.9248,-39.9167,78.58,77,80,13.62,BR,broken clouds,2021-08-01 22:02:05
337,Labuhan,-6.8844,112.2051,76.37,78,11,9.8,ID,few clouds,2021-08-01 22:02:05
338,Galdar,28.147,-15.6502,72.36,79,41,19.04,ES,scattered clouds,2021-08-01 22:02:05
339,Mount Pleasant,32.7941,-79.8626,95.0,73,1,1.99,US,clear sky,2021-08-01 21:58:03
340,Prince George,53.9166,-122.753,76.44,57,1,5.75,CA,haze,2021-08-01 21:59:50
341,Tiznit,29.5833,-9.5,70.2,54,0,3.42,MA,clear sky,2021-08-01 22:02:06
342,Santa Vitoria Do Palmar,-33.5189,-53.3681,50.4,91,35,5.7,BR,scattered clouds,2021-08-01 22:02:06
343,Matay,28.419,30.7792,88.97,23,0,11.18,EG,clear sky,2021-08-01 22:02:07
344,Port Lincoln,-34.7333,135.8667,52.34,50,19,25.59,AU,few clouds,2021-08-01 22:02:07
345,Bang Saphan,11.2126,99.5117,79.43,83,100,9.51,TH,overcast clouds,2021-08-01 22:02:07
346,Lengshuijiang,27.6881,111.4294,79.02,69,0,2.13,CN,clear sky,2021-08-01 22:02:08
347,Grand-Lahou,5.1367,-5.0242,74.93,91,4,5.93,CI,clear sky,2021-08-01 22:02:08
348,Chuy,-33.6971,-53.4616,49.62,93,23,5.77,UY,few clouds,2021-08-01 21:56:16
349,Saint-Augustin,51.226,-58.6502,62.89,71,88,18.16,CA,overcast clouds,2021-08-01 22:01:00
350,Sarangani,5.4033,125.4636,83.19,75,95,12.37,PH,moderate rain,2021-08-01 22:02:09
351,Ullapool,57.8987,-5.1604,54.75,86,40,2.08,GB,scattered clouds,2021-08-01 22:02:09
352,Provideniya,64.3833,-173.3,42.91,75,90,20.13,RU,light rain,2021-08-01 22:02:10
353,Puerto Madryn,-42.7692,-65.0385,60.49,35,24,13.09,AR,few clouds,2021-08-01 22:02:10
354,Huangmei,30.1924,116.025,79.52,83,1,3.67,CN,light rain,2021-08-01 22:02:10
355,Fortuna,40.5982,-124.1573,86.41,69,20,3.0,US,few clouds,2021-08-01 21:59:47
356,Amapa,1.0,-52.0,72.52,96,8,3.36,BR,clear sky,2021-08-01 21:57:58
357,Matagami,49.7502,-77.6328,64.51,55,40,13.8,CA,scattered clouds,2021-08-01 21:57:20
358,Lagoa,39.05,-27.9833,72.12,95,43,16.15,PT,scattered clouds,2021-08-01 22:02:11
359,Warburton,31.55,73.8333,90.91,54,53,5.84,PK,broken clouds,2021-08-01 22:02:12
360,Pisco,-13.7,-76.2167,64.02,83,6,5.59,PE,clear sky,2021-08-01 22:02:12
361,Camacha,33.0833,-16.3333,68.76,78,20,13.8,PT,few clouds,2021-08-01 21:57:34
362,Walvis Bay,-22.9575,14.5053,72.55,17,0,13.8,NA,clear sky,2021-08-01 21:57:28
363,Yining,29.0361,114.5636,76.66,91,0,0.76,CN,clear sky,2021-08-01 21:58:57
364,Havoysund,70.9963,24.6622,45.48,80,100,9.62,NO,light rain,2021-08-01 22:02:13
365,Tezu,27.9167,96.1667,75.13,90,27,3.38,IN,scattered clouds,2021-08-01 22:02:13
366,Plainview,40.7765,-73.4673,75.79,63,45,1.01,US,scattered clouds,2021-08-01 21:57:39
367,Solwezi,-12.1688,26.3894,58.35,54,40,3.6,ZM,scattered clouds,2021-08-01 22:01:11
368,Itaituba,-4.2761,-55.9836,82.69,56,95,1.92,BR,overcast clouds,2021-08-01 22:00:49
369,Ouallam,14.3188,2.0866,87.53,51,49,16.08,NE,scattered clouds,2021-08-01 22:02:14
370,Puerto Baquerizo Moreno,-0.9,-89.6,71.83,83,82,13.58,EC,broken clouds,2021-08-01 22:00:14
371,Galle,6.0367,80.217,78.64,87,100,10.33,LK,overcast clouds,2021-08-01 22:02:14
372,Flin Flon,54.7682,-101.865,88.3,20,0,7.27,CA,clear sky,2021-08-01 22:02:14
373,Rincon,32.296,-81.2354,95.45,55,40,8.05,US,thunderstorm,2021-08-01 21:59:21
374,Bolshaya Dzhalga,45.9695,42.6966,79.41,36,0,7.67,RU,clear sky,2021-08-01 22:02:15
375,Misratah,32.3754,15.0925,85.6,53,0,8.01,LY,clear sky,2021-08-01 22:02:15
376,Da Nang,16.0678,108.2208,87.78,58,40,0.0,VN,light rain,2021-08-01 22:02:16
377,Madinat Sittah Uktubar,29.8167,31.05,89.2,36,0,8.63,EG,clear sky,2021-08-01 22:02:16
378,Saint Anthony,45.0205,-93.218,80.94,38,75,4.0,US,broken clouds,2021-08-01 21:59:39
379,Casper,42.8666,-106.3131,83.8,27,100,8.01,US,overcast clouds,2021-08-01 21:58:00
380,Koumac,-20.5667,164.2833,68.59,53,3,9.17,NC,clear sky,2021-08-01 22:02:17
381,Saint-Leu,-21.15,55.2833,67.03,66,22,1.28,RE,few clouds,2021-08-01 22:02:17
382,Abha,18.2164,42.5053,64.65,70,97,3.09,SA,overcast clouds,2021-08-01 22:02:17
383,Mayo,38.8876,-76.5119,82.65,90,90,8.01,US,overcast clouds,2021-08-01 21:58:40
384,Taksimo,56.3444,114.8794,54.27,96,100,2.66,RU,light rain,2021-08-01 22:02:18
385,Sao Miguel Do Araguaia,-13.275,-50.1628,82.26,30,4,4.45,BR,clear sky,2021-08-01 21:58:10
386,Plettenberg Bay,-34.0527,23.3716,59.54,75,72,9.69,ZA,broken clouds,2021-08-01 22:02:18
387,Yola,9.2,12.4833,73.71,90,99,3.22,NG,light rain,2021-08-01 22:02:18
388,Gillette,44.2911,-105.5022,86.92,25,1,1.01,US,haze,2021-08-01 22:02:19
389,Butembo,0.15,29.2833,57.69,80,100,2.53,CD,overcast clouds,2021-08-01 22:02:19
390,Nikolayevsk-Na-Amure,53.1406,140.73,59.76,72,100,2.19,RU,overcast clouds,2021-08-01 22:02:19
391,Krivosheino,57.3431,83.9261,50.27,94,15,2.35,RU,few clouds,2021-08-01 22:02:20
392,Hwange,-18.3693,26.5019,61.5,51,0,2.08,ZW,clear sky,2021-08-01 22:02:20
393,Bjelovar,45.8986,16.8489,67.69,95,47,7.99,HR,light rain,2021-08-01 22:02:20
394,Ayagoz,47.9714,80.4392,62.28,40,0,2.77,KZ,clear sky,2021-08-01 22:02:21
395,Katangli,51.7102,143.2326,54.95,85,100,7.43,RU,overcast clouds,2021-08-01 22:02:21
396,Sechelt,49.4664,-123.7694,83.28,62,100,4.65,CA,overcast clouds,2021-08-01 22:02:21
397,Korla,41.7597,86.1469,75.42,18,100,6.49,CN,overcast clouds,2021-08-01 22:02:22
398,Kieta,-6.2167,155.6333,80.53,79,9,2.26,PG,clear sky,2021-08-01 21:58:51
399,Mehamn,71.0357,27.8492,44.96,95,100,19.57,NO,overcast clouds,2021-08-01 22:02:22
400,Loyga,61.0784,44.6075,58.66,98,100,5.7,RU,moderate rain,2021-08-01 22:02:23
401,Palmeirais,-5.9778,-43.0633,88.54,29,98,10.11,BR,overcast clouds,2021-08-01 22:02:23
402,Brownsville,25.9018,-97.4975,95.11,62,33,7.0,US,scattered clouds,2021-08-01 22:00:10
403,Yar-Sale,66.8333,70.8333,54.68,96,100,16.93,RU,light rain,2021-08-01 21:58:32
404,Mandera,3.9366,41.867,77.77,62,90,22.19,KE,overcast clouds,2021-08-01 22:02:23
405,Semey,50.4111,80.2275,61.02,55,0,8.95,KZ,clear sky,2021-08-01 22:02:24
406,Comodoro Rivadavia,-45.8667,-67.5,66.06,19,0,18.41,AR,clear sky,2021-08-01 22:02:24
407,Cosoveni,44.25,23.9333,84.02,45,0,8.05,RO,clear sky,2021-08-01 22:02:24
408,Cartagena,10.3997,-75.5144,84.83,73,68,10.96,CO,broken clouds,2021-08-01 22:00:16
409,Severobaykalsk,55.65,109.3167,51.57,78,59,1.23,RU,broken clouds,2021-08-01 22:02:25
410,Ulaangom,49.9811,92.0667,56.62,59,91,2.48,MN,overcast clouds,2021-08-01 22:02:25
411,Sambava,-14.2667,50.1667,68.18,88,96,8.48,MG,overcast clouds,2021-08-01 22:02:26
412,Lasa,46.6166,10.7002,54.36,95,83,6.76,IT,broken clouds,2021-08-01 22:02:26
413,Vao,-22.6667,167.4833,66.47,58,59,9.46,NC,broken clouds,2021-08-01 21:58:29
414,Doctor Juan Leon Mallorquin,-25.4,-55.2667,59.72,56,68,1.14,PY,broken clouds,2021-08-01 22:02:27
415,Namatanai,-3.6667,152.4333,80.94,79,12,6.13,PG,few clouds,2021-08-01 22:02:27
416,Kloulklubed,7.0419,134.2556,83.64,77,100,13.35,PW,overcast clouds,2021-08-01 21:58:28
417,Alexandria,31.2156,29.9553,81.03,79,0,8.16,EG,clear sky,2021-08-01 22:02:27
418,Kalmunai,7.4167,81.8167,80.47,74,100,3.09,LK,overcast clouds,2021-08-01 22:02:28
419,Kysyl-Syr,63.8986,122.7617,67.64,64,94,4.38,RU,overcast clouds,2021-08-01 22:02:28
420,Sur,22.5667,59.5289,89.64,55,100,14.16,OM,overcast clouds,2021-08-01 21:58:44
421,Palauig,15.435,119.9045,81.39,88,100,13.2,PH,light rain,2021-08-01 22:02:28
422,Luangwa,-15.6167,30.4167,60.62,73,0,2.44,ZM,clear sky,2021-08-01 22:02:29
423,Sorland,67.667,12.6934,49.14,72,95,12.93,NO,overcast clouds,2021-08-01 22:02:29
424,Pathein,16.7833,94.7333,77.13,92,100,6.73,MM,overcast clouds,2021-08-01 22:02:30
425,Sao Filipe,14.8961,-24.4956,76.01,76,10,6.38,CV,clear sky,2021-08-01 22:02:30
426,Muyezerskiy,63.9333,31.65,56.16,97,98,6.58,RU,overcast clouds,2021-08-01 22:02:30
427,Cardoso,-20.0819,-49.9142,72.34,40,11,1.9,BR,few clouds,2021-08-01 22:02:31
428,Govindgarh,27.5,76.9833,81.79,83,100,4.7,IN,overcast clouds,2021-08-01 22:02:31
429,Sligo,54.2697,-8.4694,51.69,84,41,3.83,IE,scattered clouds,2021-08-01 22:02:31
430,Bud,39.447,-86.1758,80.55,56,10,11.1,US,clear sky,2021-08-01 22:02:31
431,Astoria,46.1879,-123.8313,68.47,79,90,4.0,US,overcast clouds,2021-08-01 21:57:37
432,Treinta Y Tres,-33.2333,-54.3833,49.24,82,0,4.68,UY,clear sky,2021-08-01 22:02:32
433,Chegdomyn,51.1167,133.0167,65.35,78,100,1.01,RU,light rain,2021-08-01 22:02:32
434,Panjab,34.388,67.0233,53.49,43,0,5.48,AF,clear sky,2021-08-01 22:02:33
435,Bireun,5.203,96.7009,78.85,72,100,4.41,ID,overcast clouds,2021-08-01 22:02:33
436,Iquitos,-3.7481,-73.2472,77.61,68,81,1.32,PE,broken clouds,2021-08-01 22:02:34
437,Padang,-0.9492,100.3543,74.71,91,98,5.73,ID,overcast clouds,2021-08-01 21:59:35
438,Ketchikan,55.3422,-131.6461,68.43,69,99,3.91,US,overcast clouds,2021-08-01 21:57:47
439,Phalaborwa,-23.943,31.1411,63.68,29,0,6.06,ZA,clear sky,2021-08-01 21:58:15
440,Dubbo,-32.25,148.6167,39.33,100,0,10.36,AU,clear sky,2021-08-01 22:02:34
441,Komsomolets,53.7453,62.0708,66.47,69,97,5.37,KZ,overcast clouds,2021-08-01 22:02:35
442,Riyadh,24.6877,46.7219,96.94,10,4,6.91,SA,clear sky,2021-08-01 21:58:33
443,Bhabua,25.05,83.6167,78.96,80,81,6.4,IN,broken clouds,2021-08-01 22:02:35
444,Huarmey,-10.0681,-78.1522,68.0,74,11,9.55,PE,few clouds,2021-08-01 22:02:35
445,Oum Hadjer,13.2954,19.6966,77.7,71,100,6.2,TD,overcast clouds,2021-08-01 22:02:36
446,Pacifica,37.6138,-122.4869,90.73,72,27,5.99,US,scattered clouds,2021-08-01 22:00:46
447,Petropavlovsk-Kamchatskiy,53.0452,158.6483,57.79,82,0,6.71,RU,clear sky,2021-08-01 22:02:36
448,Gurupi,-11.7292,-49.0686,81.1,33,6,5.97,BR,clear sky,2021-08-01 22:02:36
449,Biak,-0.9131,122.8766,74.79,85,26,5.97,ID,scattered clouds,2021-08-01 22:02:02
450,Bumba,2.1833,22.4667,70.2,91,100,2.37,CD,overcast clouds,2021-08-01 22:02:37
451,Arlit,18.7369,7.3853,97.68,23,43,5.57,NE,scattered clouds,2021-08-01 21:58:38
452,Wynyard,-41.0,145.7167,44.01,87,78,5.12,AU,broken clouds,2021-08-01 22:02:37
453,Port-Gentil,-0.7193,8.7815,76.53,80,100,13.35,GA,overcast clouds,2021-08-01 22:00:39
454,Kodiak,57.79,-152.4072,57.72,88,93,5.17,US,overcast clouds,2021-08-01 22:02:38
455,Borovskoy,53.8,64.15,65.82,75,79,7.11,KZ,broken clouds,2021-08-01 22:02:38
456,Ocnita,44.9833,25.55,82.0,46,1,4.85,RO,clear sky,2021-08-01 22:02:39
457,Chhachhrauli,30.25,77.3667,80.38,82,30,2.35,IN,scattered clouds,2021-08-01 22:02:39
458,Akdepe,42.0551,59.3788,75.2,28,0,10.07,TM,clear sky,2021-08-01 22:02:39
459,Alwaye,10.1167,76.35,76.95,94,40,2.3,IN,mist,2021-08-01 22:02:40
460,Coos Bay,43.3665,-124.2179,99.86,100,35,1.01,US,scattered clouds,2021-08-01 22:02:40
461,Ucluelet,48.9329,-125.5528,93.04,77,17,3.0,CA,few clouds,2021-08-01 22:01:07
462,Mabay,6.0577,124.4666,78.39,87,97,3.15,PH,overcast clouds,2021-08-01 22:02:41
463,Alice Springs,-23.7,133.8833,53.15,66,80,9.22,AU,broken clouds,2021-08-01 22:02:41
464,Bandarbeyla,9.4942,50.8122,82.24,62,14,25.59,SO,few clouds,2021-08-01 21:59:44
465,Sakaiminato,35.55,133.2333,78.73,73,100,6.64,JP,overcast clouds,2021-08-01 22:02:41
466,Port Hedland,-20.3167,118.5667,60.85,41,0,11.5,AU,clear sky,2021-08-01 21:58:51
467,Bull Savanna,17.8868,-77.5902,83.46,69,29,17.52,JM,scattered clouds,2021-08-01 22:02:42
468,Coquimbo,-29.9533,-71.3436,58.73,82,0,11.5,CL,clear sky,2021-08-01 21:58:48
469,Miles City,46.4083,-105.8406,99.52,13,5,7.78,US,clear sky,2021-08-01 22:02:03
470,Esperance,-33.8667,121.9,53.24,64,56,23.02,AU,broken clouds,2021-08-01 22:02:42
471,Salta,-24.7859,-65.4117,60.58,35,41,1.01,AR,scattered clouds,2021-08-01 22:02:43
472,Metro,-5.1131,105.3067,72.72,93,18,2.01,ID,few clouds,2021-08-01 22:02:43
473,Ushumun,52.7833,126.5333,52.07,95,59,5.28,RU,broken clouds,2021-08-01 22:02:43
474,Samarai,-10.6167,150.6667,77.09,65,88,6.93,PG,overcast clouds,2021-08-01 21:59:21
475,Camana,-16.6228,-72.7111,64.83,78,31,8.84,PE,scattered clouds,2021-08-01 22:02:44
476,Gorontalo,0.5412,123.0595,74.07,94,66,1.66,ID,broken clouds,2021-08-01 22:02:44
477,Henties Bay,-22.116,14.2845,65.57,43,0,5.5,NA,clear sky,2021-08-01 22:00:13
478,Hovd,48.0056,91.6419,53.94,64,4,2.26,MN,clear sky,2021-08-01 22:02:45
479,Khani,41.9563,42.9566,62.17,96,89,2.08,GE,overcast clouds,2021-08-01 22:02:45
480,Valley City,46.9233,-98.0032,83.39,34,1,9.22,US,haze,2021-08-01 22:02:45
481,Christchurch,-43.5333,172.6333,54.0,83,75,8.99,NZ,broken clouds,2021-08-01 21:58:36
482,Sept-Iles,50.2001,-66.3821,65.05,70,92,3.0,CA,overcast clouds,2021-08-01 22:02:46
483,Yartsevo,55.0667,32.6964,63.09,76,100,1.95,RU,light rain,2021-08-01 22:02:46
484,La Ronge,55.1001,-105.2842,80.56,31,14,3.87,CA,few clouds,2021-08-01 22:02:47
485,Kyzyl,51.7,94.45,53.89,78,99,5.82,RU,overcast clouds,2021-08-01 22:02:47
486,Rajaldesar,28.0333,74.4667,81.34,79,94,15.79,IN,overcast clouds,2021-08-01 22:02:47
487,Avera,33.194,-82.5271,95.72,37,51,13.51,US,broken clouds,2021-08-01 22:02:48
488,Sangin,32.0728,64.8359,82.17,14,0,0.54,AF,clear sky,2021-08-01 22:02:48
489,Poya,-21.35,165.15,68.88,51,13,5.73,NC,few clouds,2021-08-01 22:02:48
490,Saint-Joseph,-21.3667,55.6167,66.56,74,37,9.13,RE,scattered clouds,2021-08-01 22:02:48
491,Abu Dhabi,24.4667,54.3667,91.63,66,5,8.39,AE,clear sky,2021-08-01 22:02:49
492,Homer,59.6425,-151.5483,73.08,59,41,3.22,US,scattered clouds,2021-08-01 21:58:32
493,Hirara,24.8,125.2833,79.07,94,75,11.5,JP,moderate rain,2021-08-01 22:02:49
494,Chumikan,54.7183,135.315,55.96,75,100,4.03,RU,overcast clouds,2021-08-01 22:02:50
495,Thinadhoo,0.5333,72.9333,81.68,72,98,5.03,MV,overcast clouds,2021-08-01 22:02:50
496,Rapid Valley,44.0625,-103.1463,89.85,22,1,5.99,US,smoke,2021-08-01 22:00:47
497,Kuching,1.55,110.3333,75.42,94,20,0.0,MY,mist,2021-08-01 22:02:50
498,Carutapera,-1.195,-46.02,75.06,88,76,2.21,BR,broken clouds,2021-08-01 21:59:39
499,Te Anau,-45.4167,167.7167,44.2,90,99,1.95,NZ,moderate rain,2021-08-01 21:59:50
500,Luganville,-15.5333,167.1667,74.21,57,47,7.85,VU,scattered clouds,2021-08-01 22:02:51
501,Sobolevo,54.4299,31.8996,65.39,76,100,5.17,RU,light rain,2021-08-01 22:02:51
502,Jiuquan,39.7432,98.5174,64.69,55,100,8.9,CN,overcast clouds,2021-08-01 22:02:52
503,Tabou,4.423,-7.3528,76.6,80,87,6.78,CI,overcast clouds,2021-08-01 22:02:52
504,Rosetta,31.4044,30.4164,79.7,81,0,7.67,EG,clear sky,2021-08-01 22:02:52
505,Pittsfield,42.4501,-73.2454,74.25,81,72,1.99,US,broken clouds,2021-08-01 21:58:01
506,Poum,-20.2333,164.0167,68.9,57,2,13.31,NC,clear sky,2021-08-01 22:02:53
507,Boyuibe,-20.4167,-63.2833,59.79,32,73,3.0,BO,broken clouds,2021-08-01 22:02:53
508,Oriximina,-1.7656,-55.8661,81.43,65,71,3.13,BR,broken clouds,2021-08-01 22:02:54
509,Moron,-34.6534,-58.6198,55.98,68,0,2.55,AR,clear sky,2021-08-01 22:02:54
510,Biabou,13.2,-61.1333,81.68,76,9,9.42,VC,clear sky,2021-08-01 22:02:54
511,Kardailovo,51.5386,53.9042,75.43,41,15,4.47,RU,few clouds,2021-08-01 22:02:55
512,Gweta,-20.1833,25.2333,60.35,37,0,8.61,BW,clear sky,2021-08-01 22:02:55
513,Puerto Escondido,15.85,-97.0667,86.68,68,68,5.7,MX,broken clouds,2021-08-01 21:58:54
514,Elliot Lake,46.3834,-82.6331,69.89,62,78,6.11,CA,broken clouds,2021-08-01 22:02:56
515,Nouadhibou,20.931,-17.0347,69.93,88,1,16.24,MR,clear sky,2021-08-01 22:02:56
516,Belmonte,-15.8631,-38.8828,68.5,70,89,14.45,BR,overcast clouds,2021-08-01 21:59:31
517,Vostok,46.4856,135.8833,68.32,76,41,2.59,RU,scattered clouds,2021-08-01 21:58:35
518,Esso,55.9333,158.7,53.55,60,97,2.89,RU,overcast clouds,2021-08-01 22:02:57
519,Itoman,26.1247,127.6694,82.42,89,75,19.57,JP,broken clouds,2021-08-01 22:02:57
520,Tucupita,9.0622,-62.051,78.53,83,83,3.98,VE,broken clouds,2021-08-01 22:02:57
521,Muisne,0.6,-80.0333,77.34,82,60,11.05,EC,broken clouds,2021-08-01 22:02:39
522,High Level,58.5169,-117.136,93.06,25,0,3.06,CA,clear sky,2021-08-01 22:02:58
523,Mattru,7.6244,-11.8332,73.44,95,99,3.51,SL,light rain,2021-08-01 22:02:58
524,Scarborough,54.2797,-0.4044,54.91,85,7,8.28,GB,clear sky,2021-08-01 22:02:58
525,Okoritofulpos,47.9186,22.5081,72.1,57,61,1.3,HU,broken clouds,2021-08-01 22:02:59
526,Bratsk,56.1325,101.6142,57.69,83,100,11.77,RU,overcast clouds,2021-08-01 22:02:59
527,Kattivakkam,13.2167,80.3167,84.29,54,100,12.21,IN,overcast clouds,2021-08-01 22:03:00
528,Flinders,-34.5833,150.8552,46.2,95,6,4.16,AU,clear sky,2021-08-01 21:59:33
529,Kapuskasing,49.4169,-82.4331,70.34,35,24,9.37,CA,few clouds,2021-08-01 22:03:00
530,Hervey Bay,-25.2986,152.8535,66.02,94,3,3.0,AU,clear sky,2021-08-01 21:58:16
531,Sabang,5.8933,95.3214,82.31,73,100,26.08,ID,overcast clouds,2021-08-01 22:03:01
532,Gat,31.61,34.7642,84.4,54,0,2.75,IL,clear sky,2021-08-01 21:59:00
533,Rudsar,37.1376,50.288,75.15,88,98,4.79,IR,overcast clouds,2021-08-01 22:03:02
534,Pringsewu,-5.3582,104.9744,72.03,98,38,1.77,ID,scattered clouds,2021-08-01 22:03:02
535,Ciudad Bolivar,8.1222,-63.5497,81.57,76,23,7.11,VE,few clouds,2021-08-01 22:00:30
536,Beroroha,-21.6667,45.1667,63.9,63,7,2.39,MG,clear sky,2021-08-01 22:03:03
537,Muroto,33.2833,134.15,77.04,80,83,6.04,JP,broken clouds,2021-08-01 22:03:03
538,Tamandare,-8.7597,-35.1047,73.9,80,8,14.65,BR,clear sky,2021-08-01 22:03:04
539,Saint-Prosper,46.2117,-70.4811,57.65,73,100,2.64,CA,overcast clouds,2021-08-01 22:03:04
540,Edd,13.9297,41.6925,90.63,64,100,7.81,ER,overcast clouds,2021-08-01 22:03:04
541,Makokou,0.5738,12.8642,70.65,94,97,3.8,GA,overcast clouds,2021-08-01 22:03:05
542,Werda,-25.2667,23.2833,53.8,30,0,5.46,BW,clear sky,2021-08-01 21:59:53
543,Marzuq,14.4,46.4667,81.64,52,97,6.89,YE,overcast clouds,2021-08-01 22:03:05
544,Petatlan,17.5167,-101.2667,88.34,67,15,6.8,MX,few clouds,2021-08-01 22:03:06
545,Coihaique,-45.5752,-72.0662,43.72,91,49,10.33,CL,scattered clouds,2021-08-01 22:03:06
546,Bridlington,54.0831,-0.1919,55.58,74,6,11.32,GB,clear sky,2021-08-01 22:03:07
547,Usoke,-5.1667,32.35,64.85,45,33,4.27,TZ,scattered clouds,2021-08-01 22:03:07
548,Chenghai,23.4632,116.768,81.72,84,100,5.19,CN,overcast clouds,2021-08-01 22:03:07
549,Bulgan,48.8125,103.5347,56.66,99,100,3.27,MN,light rain,2021-08-01 22:03:08
550,Chicama,-7.8447,-79.1469,70.12,68,4,8.95,PE,clear sky,2021-08-01 22:03:08
551,Toppenish,46.3774,-120.3087,96.35,44,99,4.76,US,overcast clouds,2021-08-01 22:03:08
552,Dalvik,65.9702,-18.5286,55.76,81,100,2.3,IS,overcast clouds,2021-08-01 22:03:09
553,Pangkalanbuun,-2.6833,111.6167,72.88,98,88,2.08,ID,overcast clouds,2021-08-01 22:03:09
554,Viedma,-40.8135,-62.9967,52.9,45,1,14.14,AR,clear sky,2021-08-01 22:03:09
555,Ukiah,39.1502,-123.2078,104.52,25,2,1.99,US,clear sky,2021-08-01 22:00:03
556,Segezha,63.7415,34.3222,58.32,91,100,7.63,RU,overcast clouds,2021-08-01 22:03:10
557,Kenai,60.5544,-151.2583,73.02,72,14,7.85,US,few clouds,2021-08-01 22:00:04
558,Srednekolymsk,67.45,153.6833,39.13,69,100,10.69,RU,overcast clouds,2021-08-01 22:03:10
559,Wagar,16.1525,36.2032,79.88,70,91,16.46,SD,overcast clouds,2021-08-01 22:03:11
560,Leningradskiy,69.3833,178.4167,35.35,94,100,18.5,RU,light rain,2021-08-01 22:03:11
561,Agua Branca,-5.8922,-42.6361,86.23,30,93,9.55,BR,overcast clouds,2021-08-01 22:00:12
562,Ust-Maya,60.4167,134.5333,63.63,61,95,4.76,RU,overcast clouds,2021-08-01 22:03:11
563,Abonnema,4.7084,6.7931,76.98,81,99,6.58,NG,overcast clouds,2021-08-01 21:58:32
564,Along,28.1667,94.7667,72.73,98,28,1.95,IN,scattered clouds,2021-08-01 22:03:12
565,Vestmanna,62.1564,-7.1664,45.52,87,90,5.75,FO,overcast clouds,2021-08-01 22:03:12
566,Nadym,65.5333,72.5167,56.89,91,100,10.98,RU,light rain,2021-08-01 22:03:12
567,Pataskala,39.9956,-82.6743,78.62,54,20,1.99,US,few clouds,2021-08-01 22:03:13
568,Myre,69.1036,15.9492,48.11,77,78,16.87,NO,broken clouds,2021-08-01 22:03:13
569,Tarragona,41.129,1.249,71.35,69,0,2.3,ES,clear sky,2021-08-01 22:02:17
570,Sibi,29.5448,67.8764,98.56,34,43,4.94,PK,scattered clouds,2021-08-01 22:03:14
571,Kapit,2.0167,112.9333,73.62,99,94,1.72,MY,overcast clouds,2021-08-01 22:03:14
572,Dzhebariki-Khaya,62.2167,135.8,66.13,50,1,2.68,RU,clear sky,2021-08-01 22:03:14
573,Umm Lajj,25.0213,37.2685,87.58,48,5,5.28,SA,clear sky,2021-08-01 22:02:01
574,Bairiki,1.3292,172.9752,82.33,67,69,7.25,KI,broken clouds,2021-08-01 22:03:15
575,Shache,38.4167,77.2406,74.05,42,100,11.59,CN,overcast clouds,2021-08-01 22:00:43
576,Lagunillas,10.1301,-71.2595,88.65,60,16,3.76,VE,few clouds,2021-08-01 22:03:15
577,Polyanka,50.2584,27.6881,67.82,78,50,6.93,UA,scattered clouds,2021-08-01 22:03:16
578,Ruteng,-8.6136,120.4721,61.32,95,77,3.8,ID,broken clouds,2021-08-01 22:03:16
579,Adwa,14.1646,38.8955,61.95,91,92,3.58,ET,overcast clouds,2021-08-01 22:03:17
580,Wattegama,6.7989,81.4808,76.12,82,100,4.97,LK,overcast clouds,2021-08-01 22:03:17
